﻿Designator,Footprint,Quantity,Value,LCSC Part #
"C1, C3, C4, C5",0603,4,100nF,C1591
C10,0603,1,10µF,C458914
"C2, C6",0603,2,1μF,C1591
C9,0603,1,0.1µF,C458914
D1,SOD-323_L1.8-W1.3-LS2.5-BI,1,D5V0L1B2WS-7,C182013
J1,USB-A-SMD_U217-041N-4BV81,1,USB-A Header,C319178
R1,0603,1,4.7 Ω,
R2,0603,1,33kΩ,
"RN1, RN2, RN3",RES-ARRAY-SMD_0402-4P-L1.0-W1.0-BL,3,2x 10k Array,C2765527
TH1,0603,1,33kΩ NTC,
U1,ESP32-C3_SUPERMINI_SMD,1,ESP32-C3_SUPERMINI,
U3,Sensirion_DFN-4_1.5x1.5mm_P0.8mm_SHT4x_NoCentralPad,1,SHT4x,
U4,Sensirion_SCD4x-1EP_10.1x10.1mm_P1.25mm_EP4.8x4.8mm,1,SCD40,
U7,XDCR_SGP41-D-R4,1,SGP41,
