﻿Designator,Footprint,Quantity,Value,LCSC Part #
"C1, C2, C3, C4, C5, C7",0603,6,100nF,C1591
C6,0603,1,470nF,C1623
D1,SOD-323_L1.8-W1.3-LS2.5-BI,1,D5V0L1B2WS-7,C182013
J1,USB-A-SMD_U217-041N-4BV81,1,USB-A Header,C319178
R7,0603,1,499kΩ,C407576
R8,0603,1,1MΩ,C9900163442
"RN1, RN2",RES-ARRAY-SMD_0402-4P-L1.0-W1.0-BL,2,2x 100k Array,C2765527
RN3,RES-ARRAY-SMD_0402-8P-L2.0-W1.0-BL,1,4x 100k Array,C414600
U1,ESP32-C3_SUPERMINI_SMD,1,ESP32-C3_SUPERMINI,
U2,SGP30,1,SGP30,
U3,Sensirion_DFN-4_1.5x1.5mm_P0.8mm_SHT4x_NoCentralPad,1,SHT4x,
U4,Sensirion_SCD4x-1EP_10.1x10.1mm_P1.25mm_EP4.8x4.8mm,1,SCD40-D-R2,
U5,SOT-353_SC-70-5,1,TPS71533__SC70,C571193
U6,SOT363,1,2N7002DW,
