﻿Designator,Footprint,Quantity,Value,LCSC Part #
"C1, C2, C3, C4, C5, C6",0603,6,100nF,C1591
C10,0603,1,10µF,C458914
"C7, C8",0603,2,1µF,C458914
C9,0603,1,0.1µF,C458914
D1,SOD-323_L1.8-W1.3-LS2.5-BI,1,D5V0L1B2WS-7,C182013
J1,USB-A-SMD_U217-041N-4BV81,1,USB-A Header,C319178
R1,0603,1,200 kΩ,C25811
R2,0603,1,10 kΩ,
"RN1, RN2",RES-ARRAY-SMD_0402-4P-L1.0-W1.0-BL,2,2x 100k Array,C2765527
RN3,RES-ARRAY-SMD_0402-8P-L2.0-W1.0-BL,1,4x 100k Array,C414600
TH1,0603,1,10 kΩ NTC,
U1,ESP32-C3_SUPERMINI_SMD,1,ESP32-C3_SUPERMINI,
U2,SGP30,1,SGP30,
U3,Sensirion_DFN-4_1.5x1.5mm_P0.8mm_SHT4x_NoCentralPad,1,SHT4x,
U4,Sensirion_SCD4x-1EP_10.1x10.1mm_P1.25mm_EP4.8x4.8mm,1,SCD40-D-R2,
U5,VSSOP-8_2.3x2mm_P0.5mm,1,PCA9306DC,C33196
U6,SOT-23-5,1,LP5907MFX-1.8,C92498
